{"T002": 0.25612929988768496, "T007": 0.3369978585963414, "T015": 0.011199087052048284, "T045": 0.9757134473757144, "T046": 3.631207334273, "T048": 4.38973827182595, "T049": 3.126467428588309, "T050": 0.006838198608728601, "T054": 3.8109278394857315, "T086": 3.2018077208464204, "T091": 4.973664506692741, "T094": 0.2712497022912659, "T096": 0.5548329689266804, "T129": 6.311293698211801, "T143": 0.0022055404361506735, "T148": 2.2314732645417767, "T153": 0.012773956695334642, "T159": 0.01469045048787561, "T009": 0.07180866889238385, "T011": 1.2083213967096775, "T016": 0.017240706650369277, "T019": 0.5130377619117112, "T025": 1.7079113371200914, "T028": 0.08733765078361172, "T031": 2.7627996741099743, "T033": 1.2601396021508255, "T089": 0.062269306366096, "T090": 3.3641482240122005, "T092": 6.393984762974683, "T135": 7.922944203027678, "T141": 1.5102144572729184, "T142": 0.12048243591867273, "T145": 6.003773917053645, "T146": 0.48279670160854665, "T147": 0.05395810133797374, "T149": 0.34273105237735657, "T150": 1.0092215485804512, "T151": 0.056106740672845906, "T152": 3.0805211246741266, "T154": 0.6046965900795724, "T158": 5.335121707402252, "T162": 0.10484334458087834, "T218": 0.010055078701357606, "T220": 1.3931306392148564, "T001": 0.08741595009205937, "T003": 1.5322226186389134, "T006": 0.015387977583958554, "T008": 0.06380068713726478, "T012": 1.5592425927378835, "T034": 3.8233128068930875, "T037": 0.007934820642983195, "T040": 2.3343143970841114, "T043": 2.165434891839798, "T047": 1.1304835197641698, "T051": 5.194426095141785, "T085": 0.028901053967993466, "T088": 1.0606497700624498, "T161": 1.0297714724850788, "T219": 1.033778672478645, "T013": 0.10796980118287162, "T014": 0.017317603781827753, "T018": 1.6530525578435067, "T030": 0.44698292140114537, "T084": 2.4767977071690237, "T144": 0.03572047102573016, "T160": 1.58187352886989, "T005": 0.10652510619323902, "T017": 0.09960487459667934, "T044": 0.025045954568594136, "T095": 3.8042305188346743, "T004": 0.7496869986849147, "T035": 0.8234879444635472, "T036": 4.0493160458449715, "T039": 1.1699478065436635, "T060": 4.346506590009183, "T061": 2.1191561968898953, "T062": 1.6690344687322336, "T065": 0.9402910371651096, "T066": 0.11752432753283268, "T067": 1.3692411284067747, "T069": 1.3594097666960505, "T070": 4.999231450254041, "T071": 2.9220102977260294, "T073": 1.668203285406025, "T074": 4.703866138716394, "T075": 4.670790557347489, "T076": 3.2885052846003333, "T077": 2.889551013654305, "T079": 3.391020830048223, "T080": 0.22767709641665343, "T081": 6.309829668041709, "T082": 4.702962342572996, "T083": 1.1694838252286015, "T114": 1.4715637949663116, "T155": 3.1403896944053176, "T063": 4.449404209049685, "T115": 4.606484950515544, "T138": 0.1144513810775962, "T200": 4.946294843641321, "T206": 3.778694920805435, "T209": 3.591750979624309, "T212": 6.153369988650067, "T215": 6.04982523427745, "T107": 0.4086390117477953, "T128": 2.593612490808226, "T072": 1.2532562380596988, "T078": 3.161690617888349, "T097": 7.7675598105158095, "T099": 2.6824613312715337, "T100": 4.632861428102117, "T102": 0.39862461337677996, "T103": 4.822105052622177, "T027": 1.8874407159666768, "T156": 0.030735402754233743, "T157": 4.974608939032982, "T221": 7.7079612663898205, "T900": 1.6329277136058447, "T903": 5.234981393258969, "T222": 1.3256823970273726, "T223": 0.026157235313092646, "T225": 2.1930894744853453, "T227": 0.10208606814319318, "T224": 0.6748211646604084, "T226": 3.477521755717266, "T229": 1.1286184118493454, "T230": 0.0063388729042704525, "T228": 0.0032287803273714894, "T232": 1.077908159484359, "T231": 0.10835590176832026, "T235": 1.4296338459157265, "T233": 0.044549885559497904, "T236": 0.4355948603919399, "T237": 1.9600490120066634, "T238": 0.612629044541823, "T094B": 0.6049040098247507, "T054C": 3.7326208849825933}